{
    "0": 0.975,
    "1": 0.4090437264824186,
    "2": 0.2458479304528351,
    "3": 0.15421045802517191,
    "4": 0.08823147787725444,
    "5": 0.047878551965745426,
    "6": 0.023744647722849357,
    "7": 0.01320228363825094,
    "8": 0.006811989100817439,
    "9": 0.0035033086804203972,
    "10": 0.0024004152069547163,
    "11": 0.0011028934734656805,
    "12": 0.0011677695601401323,
    "13": 0.0006163228234072921,
    "14": 0.0006811989100817438,
    "15": 0.0004216945633839367,
    "16": 0.0002595043466978072,
    "17": 0.0002919423900350331,
    "18": 9.731413001167769e-05,
    "19": 0.0001621902166861295,
    "20": 6.48760866744518e-05,
    "21": 6.48760866744518e-05,
    "22": 3.24380433372259e-05,
    "31": 3.24380433372259e-05,
    "32": 6.48760866744518e-05,
    "37": 3.24380433372259e-05,
    "54": 3.24380433372259e-05
}