{
    "0": 0.975,
    "1": 0.010308383539262748,
    "2": 0.0063080771979985755,
    "3": 0.003947547567990746,
    "4": 0.002243949760032678,
    "5": 0.0011564382722352713,
    "6": 0.0005403519520746115,
    "7": 0.0002620919704550872,
    "8": 0.00011998366179924447,
    "9": 5.275877327342665e-05,
    "10": 2.9783178460805364e-05,
    "11": 9.360427516253115e-06,
    "12": 1.4466115252391176e-05,
    "13": 2.552843868069031e-06,
    "14": 2.552843868069031e-06,
    "15": 1.7018959120460207e-06
}